id,username,title,date,actual_title,actual_username,members_count,chat_type,created_date,check_date,online_count,slow_mode_delay,pinned_message_id,linked_chat_id,can_send_messages,access_status,error_message
1692701695,bookeruditkz,–ö–Ω–∏–∂—ã–π –¶–µ–Ω—Ç—Ä –≠—Ä—É–¥–∏—Ç | –ö–Ω–∏–≥–∏ | –°–∞–º–æ—Ä–∞–∑–≤–∏—Ç–∏–µ,2025-08-28,–ö–Ω–∏–∂—ã–π –¶–µ–Ω—Ç—Ä –≠—Ä—É–¥–∏—Ç | –ö–Ω–∏–≥–∏ | –°–∞–º–æ—Ä–∞–∑–≤–∏—Ç–∏–µ,https://t.me/bookeruditkz,1722,supergroup,2023-02-10 09:18:07,2025-11-04 17:29:34,324,0,4237,0,–Ω–µ —è—Å–Ω–æ,success,
2373819701,sessiazoom,–≠–ù–ï–†–ì–û–°–ï–°–°–ò–Ø,2025-08-29,–≠–ù–ï–†–ì–û–°–ï–°–°–ò–Ø,https://t.me/sessiazoom,50,supergroup,2024-10-08 14:28:13,2025-11-04 17:29:40,14,0,230,0,–Ω–µ —è—Å–Ω–æ,success,
1153221071,DeloDlyaTelaCHAT,DeloDlyaTela –ô–æ–≥–∞ –ß–∞—Ç,2025-08-20,DeloDlyaTela –ô–æ–≥–∞ –ß–∞—Ç,https://t.me/DeloDlyaTelaCHAT,242,supergroup,2018-07-19 08:53:23,2025-11-04 17:29:48,8,0,15594,1227368949,–Ω–µ —è—Å–Ω–æ,success,
1559772377,RazvivaiSPB,–ü—Ä–∞–∫—Ç–∏–∫–∏ –†–µ—Ç—Ä–∏—Ç—ã –°–ü–ë | –ú–µ—Ä–æ–ø—Ä–∏—è—Ç–∏—è –ü–∏—Ç–µ—Ä | –°–∞–º–æ–ø–æ–∑–Ω–∞–Ω–∏–µ | –°–∞–º–æ—Ä–∞–∑–≤–∏—Ç–∏–µ,2025-08-24,–ü—Ä–∞–∫—Ç–∏–∫–∏ –†–µ—Ç—Ä–∏—Ç—ã –°–ü–ë | –ú–µ—Ä–æ–ø—Ä–∏—è—Ç–∏—è –ü–∏—Ç–µ—Ä | –°–∞–º–æ–ø–æ–∑–Ω–∞–Ω–∏–µ | –°–∞–º–æ—Ä–∞–∑–≤–∏—Ç–∏–µ,https://t.me/RazvivaiSPB,1869,supergroup,2021-06-28 17:12:18,2025-11-04 17:29:57,203,0,157127,0,–Ω–µ —è—Å–Ω–æ,success,
1519539782,WebAcadem_chat,"–≠–õ–Ø l –ò–Ω—Ñ–æ–±–∏–∑–Ω–µ—Åüí¨–ë–µ—Å–ø–ª–∞—Ç–Ω—ã–µ –∫—É—Ä—Å—ã, –æ–±—É—á–µ–Ω–∏–µ, –ø—Ä–∞–∫—Ç–∏–∫–∏",2025-08-29,"–≠–õ–Ø l –ò–Ω—Ñ–æ–±–∏–∑–Ω–µ—Åüí¨–ë–µ—Å–ø–ª–∞—Ç–Ω—ã–µ –∫—É—Ä—Å—ã, –æ–±—É—á–µ–Ω–∏–µ, –ø—Ä–∞–∫—Ç–∏–∫–∏",https://t.me/WebAcadem_chat,3161,supergroup,2022-04-06 15:53:37,2025-11-04 17:30:07,87,3600,574751,1224712007,–Ω–µ —è—Å–Ω–æ,success,
1457365510,avtonomhome,‚òÄÔ∏è–ñ–ò–í–´–ï –õ–Æ–î–ò. –ß–∞—Ç –ø—Ä–æ –ñ–ò–ó–ù–¨! –ì–æ–ª–æ–¥–∞–Ω–∏–µ. –ü–∏—Ç–∞–Ω–∏–µ. –ó–û–ñ. –≠–Ω–µ—Ä–≥–µ—Ç–∏—á–µ—Å–∫–∏–µ –ø—Ä–∞–∫—Ç–∏–∫–∏. –≠–∑–æ—Ç–µ—Ä–∏–∫–∞. –ó–¥–æ—Ä–æ–≤—å–µ. –õ–∏—à–Ω–∏–π –≤–µ—Å. –°–æ–¥–∞.,2025-08-19,‚òÄÔ∏è–ñ–ò–í–´–ï –õ–Æ–î–ò. –ß–∞—Ç –ø—Ä–æ –ñ–ò–ó–ù–¨! –ì–æ–ª–æ–¥–∞–Ω–∏–µ. –ü–∏—Ç–∞–Ω–∏–µ. –ó–û–ñ. –≠–Ω–µ—Ä–≥–µ—Ç–∏—á–µ—Å–∫–∏–µ –ø—Ä–∞–∫—Ç–∏–∫–∏. –≠–∑–æ—Ç–µ—Ä–∏–∫–∞. –ó–¥–æ—Ä–æ–≤—å–µ. –õ–∏—à–Ω–∏–π –≤–µ—Å. –°–æ–¥–∞.,https://t.me/avtonomhome,140,supergroup,2020-11-02 06:16:15,2025-11-04 17:30:14,25,0,86998,0,–Ω–µ —è—Å–Ω–æ,success,
1710349374,buznessRu,–ú–û–°–ö–í–ê| –ü–ò–¢–ï–†| –ü–†–ê–ö–¢–ò–ö–ò| –ô–û–ì–ê| –¢–ê–ù–¢–†–ê,2025-08-29,–ú–û–°–ö–í–ê| –ü–ò–¢–ï–†| –ü–†–ê–ö–¢–ò–ö–ò| –ô–û–ì–ê| –¢–ê–ù–¢–†–ê,https://t.me/buznessRu,3926,supergroup,2022-08-22 18:40:15,2025-11-04 17:30:20,197,0,539494,0,–Ω–µ —è—Å–Ω–æ,success,
1668370888,createyourselfeverymoment,–°–∞–º–æ—Ä–∞–∑–≤–∏—Ç–∏–µ,2025-08-25,–°–∞–º–æ—Ä–∞–∑–≤–∏—Ç–∏–µ,https://t.me/createyourselfeverymoment,92,supergroup,2021-10-19 16:51:10,2025-11-04 17:30:26,19,0,4201,1842415064,–Ω–µ —è—Å–Ω–æ,success,
1720240108,energo_yoga7,–ô–æ–≥–∞ –¶–∏–≥—É–Ω –ü—Ä–∞–Ω–∞—è–º–∞&–ê—Å–∞–Ω—ã —Ä–∞—Å—Ç—è–∂–∫–∞,2025-08-20,–ô–æ–≥–∞ –¶–∏–≥—É–Ω –ü—Ä–∞–Ω–∞—è–º–∞&–ê—Å–∞–Ω—ã —Ä–∞—Å—Ç—è–∂–∫–∞,https://t.me/energo_yoga7,188,supergroup,2022-01-11 06:05:14,2025-11-04 17:30:35,51,0,3970,0,–Ω–µ —è—Å–Ω–æ,success,
1538161359,fillupchat,FILL UP –ß–∞—Ç ‚Äî —Å–∞–º–æ—Ä–∞–∑–≤–∏—Ç–∏–µ –∏ –º–æ—Ç–∏–≤–∞—Ü–∏—è,2025-08-20,–î–º–∏—Ç—Ä–∏–π –°–µ–≤–∞–ª—å–Ω–µ–≤: —á–∞—Ç,https://t.me/fillupchat,40,supergroup,2021-07-18 15:13:11,2025-11-04 17:30:42,10,10,3745,1428379788,–Ω–µ —è—Å–Ω–æ,success,
1294859768,freedom_energy,‚ö° –°–≤–æ–±–æ–¥–Ω–∞—è –≠–Ω–µ—Ä–≥–∏—è,2025-08-25,‚ö° –°–≤–æ–±–æ–¥–Ω–∞—è –≠–Ω–µ—Ä–≥–∏—è,https://t.me/freedom_energy,98,supergroup,2019-10-03 11:42:44,2025-11-05 22:21:59,0,0,0,0,–Ω–µ —è—Å–Ω–æ,success,
1217685780,meditationsmarta,–ú–µ–¥–∏—Ç–∞—Ü–∏–∏ —Å –ú–∞—Ä—Ç–æ–π,2025-08-28,–ú–µ–¥–∏—Ç–∞—Ü–∏–∏ —Å –ú–∞—Ä—Ç–æ–π,https://t.me/meditationsmarta,53,supergroup,2020-06-24 17:38:58,2025-11-05 22:22:07,13,0,652,1354668394,–Ω–µ —è—Å–Ω–æ,success,
1875692320,meditaziya21,–ß–∞—Ç –ú–µ–¥–∏—Ç–∞—Ü–∏—è –∏–∑–æ–±–∏–ª–∏—è,2025-08-25,–ß–∞—Ç –ú–µ–¥–∏—Ç–∞—Ü–∏—è –∏–∑–æ–±–∏–ª–∏—è,https://t.me/meditaziya21,68,supergroup,2022-10-05 15:53:05,2025-11-05 22:22:13,1,0,195,1646555944,–Ω–µ —è—Å–Ω–æ,success,
1640897983,mnogodeneg99,–≠–ù–ï–†–ì–ò–Ø –î–ï–ù–ï–ì,2025-08-29,–≠–ù–ï–†–ì–ò–Ø –î–ï–ù–ï–ì,https://t.me/mnogodeneg99,59,supergroup,2023-06-03 12:11:50,2025-11-05 22:22:19,0,0,367,0,–Ω–µ —è—Å–Ω–æ,success,
1549315861,motivaciy_psixologia,–ú–æ—Ç–∏–≤–∞—Ü–∏—è/–ü—Å–∏—Ö–æ–ª–æ–≥–∏—è/–°–∞–º–æ—Ä–∞–∑–≤–∏—Ç–∏–µ,2025-08-25,–ú–æ—Ç–∏–≤–∞—Ü–∏—è/–ü—Å–∏—Ö–æ–ª–æ–≥–∏—è/–°–∞–º–æ—Ä–∞–∑–≤–∏—Ç–∏–µ,https://t.me/motivaciy_psixologia,230,supergroup,2022-11-30 00:51:17,2025-11-05 22:22:26,11,10,1438,0,–Ω–µ —è—Å–Ω–æ,success,
1809444783,omyogaberlin,–ë–µ—Ä–ª—ñ–Ω| –•–∞—Ç—Ö–∞ –ô–æ–≥–∞|–ú–µ–¥–∏—Ç–∞—Ü—ñ—è| –¢–∞–π–¶–∑–∏–¶—É–∞–Ω—å,2025-08-22,–ë–µ—Ä–ª—ñ–Ω| –•–∞—Ç—Ö–∞ –ô–æ–≥–∞|–ú–µ–¥–∏—Ç–∞—Ü—ñ—è| –¢–∞–π–¶–∑–∏–¶—É–∞–Ω—å,https://t.me/omyogaberlin,48,supergroup,2023-07-05 16:37:33,2025-11-05 22:22:32,7,0,0,0,–Ω–µ —è—Å–Ω–æ,success,
1799457238,sup_yoga,"–ô–û–ì–ê –ù–ê –°–ê–ü –î–û–°–ö–ê–• –í –°–û–ß–ò –†–ê–°–ü–ò–°–ê–ù–ò–ï, –ê–î–†–ï–°–ê, –ó–ê–ü–ò–°–¨ –ù–ê –ó–ê–ù–Ø–¢–ò–Ø",2025-08-29,"–ô–û–ì–ê –ù–ê –°–ê–ü –î–û–°–ö–ê–• –í –°–û–ß–ò –†–ê–°–ü–ò–°–ê–ù–ò–ï, –ê–î–†–ï–°–ê, –ó–ê–ü–ò–°–¨ –ù–ê –ó–ê–ù–Ø–¢–ò–Ø",https://t.me/sup_yoga,277,supergroup,2022-06-01 19:45:24,2025-11-05 22:22:47,0,0,482,0,–Ω–µ —è—Å–Ω–æ,success,
1294196008,yogalevashov,"–û—Ç–∫—Ä—ã—Ç—ã–π –¥–∏–∞–ª–æ–≥ ""–ô–æ–≥–∞ —Å –í–∞–¥–∏–º–æ–º –õ–µ–≤–∞—à–æ–≤—ã–º"".",2025-08-20,"–û—Ç–∫—Ä—ã—Ç—ã–π –¥–∏–∞–ª–æ–≥ ""–ô–æ–≥–∞ —Å –í–∞–¥–∏–º–æ–º –õ–µ–≤–∞—à–æ–≤—ã–º"".",https://t.me/yogalevashov,1711,supergroup,2020-10-11 11:51:52,2025-11-05 22:22:56,107,60,24471,1298262855,–Ω–µ —è—Å–Ω–æ,success,
1407484932,yogaterapia_meditations,–ô–æ–≥–æ—Ç–µ—Ä–∞–ø–∏—è / –ú–µ–¥–∏—Ç–∞—Ü–∏–∏,2025-08-29,–ô–æ–≥–æ—Ç–µ—Ä–∞–ø–∏—è / –ú–µ–¥–∏—Ç–∞—Ü–∏–∏,https://t.me/yogaterapia_meditations,392,supergroup,2022-07-07 16:45:47,2025-11-05 22:23:04,33,0,524,0,–Ω–µ —è—Å–Ω–æ,success,
1842934621,ytroprakteka,–£—Ç—Ä–µ–Ω–Ω–∏–µ –ø—Ä–∞–∫—Ç–∏–∫–∏,2025-08-30,–£—Ç—Ä–µ–Ω–Ω–∏–µ –ø—Ä–∞–∫—Ç–∏–∫–∏,https://t.me/ytroprakteka,56,supergroup,2023-04-04 12:57:38,2025-11-05 22:23:11,14,0,4178,0,–Ω–µ —è—Å–Ω–æ,success,
2521470759,zhenskie_praktiki_kurchatova,–ñ–µ–Ω—Å–∫–∏–µ –ø—Ä–∞–∫—Ç–∏–∫–∏|–ï–≤–≥–µ–Ω–∏—è –ö—É—Ä—á–∞—Ç–æ–≤–∞,2025-08-30,–ñ–µ–Ω—Å–∫–∏–µ –ø—Ä–∞–∫—Ç–∏–∫–∏|–ï–≤–≥–µ–Ω–∏—è –ö—É—Ä—á–∞—Ç–æ–≤–∞,https://t.me/zhenskie_praktiki_kurchatova,57,supergroup,2025-05-02 05:45:23,2025-11-05 22:23:17,11,0,1294,0,–Ω–µ —è—Å–Ω–æ,success,
1628384344,EzoterikiTut,"–ß–∞—Ç –¥–ª—è —Ç–µ—Ö, –∫—Ç–æ –∑–Ω–∞–µ—Ç, —á—Ç–æ —Ç–∞–∫–æ–µ —Ä—É–Ω—ã, —Ç–∞—Ä–æ, –ø–æ—Ä—á–∞, –ø—Ä–∏–≤–æ—Ä–æ—Ç, –æ–±—Ä—è–¥—ã... –∏ –∫–æ–º—É –∏–Ω—Ç–µ—Ä–µ—Å–Ω–∞ —Ç–µ–º–∞ –º–∞–≥–∏–∏ –∏ —ç–∑–æ—Ç–µ—Ä–∏–∫–∏ –≤ —Ü–µ–ª–æ–º...",2025-08-28,"–ß–∞—Ç –¥–ª—è —Ç–µ—Ö, –∫—Ç–æ –∑–Ω–∞–µ—Ç, —á—Ç–æ —Ç–∞–∫–æ–µ —Ä—É–Ω—ã, —Ç–∞—Ä–æ, –ø–æ—Ä—á–∞, –ø—Ä–∏–≤–æ—Ä–æ—Ç, –æ–±—Ä—è–¥—ã... –∏ –∫–æ–º—É –∏–Ω—Ç–µ—Ä–µ—Å–Ω–∞ —Ç–µ–º–∞ –º–∞–≥–∏–∏ –∏ —ç–∑–æ—Ç–µ—Ä–∏–∫–∏ –≤ —Ü–µ–ª–æ–º...",https://t.me/EzoterikiTut,441,supergroup,2021-11-15 11:56:33,2025-11-05 22:23:24,70,0,0,0,–Ω–µ —è—Å–Ω–æ,success,
1931336389,ISTRAglemping,"–û—Ç–µ–ª—å –°–ú–û–†–û–î–ò–ù–ê!! –ü—Ä–æ–∂–∏–≤–∞–Ω–∏–µ, –±–∞–Ω—è, —Ç–µ–ª–µ—Å–Ω—ã–µ –ø—Ä–∞–∫—Ç–∏–∫–∏, –º–µ–¥–∏—Ç–∞—Ü–∏–∏, –º—É–∑—ã–∫–∞–ª—å–Ω—ã–µ –¥–∂–µ–º—ã!",2025-08-22,"–û—Ç–µ–ª—å –°–ú–û–†–û–î–ò–ù–ê!! –ü—Ä–æ–∂–∏–≤–∞–Ω–∏–µ, –±–∞–Ω—è, —Ç–µ–ª–µ—Å–Ω—ã–µ –ø—Ä–∞–∫—Ç–∏–∫–∏, –º–µ–¥–∏—Ç–∞—Ü–∏–∏, –º—É–∑—ã–∫–∞–ª—å–Ω—ã–µ –¥–∂–µ–º—ã!",https://t.me/ISTRAglemping,209,supergroup,2023-06-19 16:46:19,2025-11-05 22:23:32,22,0,1754,0,–Ω–µ —è—Å–Ω–æ,success,
1515162296,MSKYogaPraktiki,–ú–°–ö - –ô–æ–≥–∞|–ü—Ä–∞–∫—Ç–∏–∫–∏|–°–∞–º–æ—Ä–∞–∑–≤–∏—Ç–∏–µ|–ó–û–ñ,2025-08-29,–ú–°–ö - –ô–æ–≥–∞|–ü—Ä–∞–∫—Ç–∏–∫–∏|–°–∞–º–æ—Ä–∞–∑–≤–∏—Ç–∏–µ|–ó–û–ñ,https://t.me/MSKYogaPraktiki,3341,supergroup,2021-07-05 16:17:57,2025-11-05 22:23:41,605,0,145676,0,–Ω–µ —è—Å–Ω–æ,success,
1544620972,energy_mindfulness_praktik,–≠–Ω–µ—Ä–≥–µ—Ç–∏—á–µ—Å–∫–∏–µ –∏ –º–∞—Å—Å–∞–∂–Ω—ã–µ –ø—Ä–∞–∫—Ç–∏–∫–∏ ü™¨,2025-08-22,–ï–≥–æ—Ä –ù–∞–¥—ã–º–æ–≤ (INnergy),https://t.me/energy_mindfulness_praktik,84,supergroup,2022-07-29 17:04:23,2025-11-05 22:23:54,20,0,3425,1926686361,–Ω–µ —è—Å–Ω–æ,success,
1188097265,harmony_emotions,–©–∏—Ç–æ–≤–∏–¥–∫–∞. –≠–Ω–µ—Ä–≥–∏—è. –ì–æ—Ä–º–æ–Ω—ã,2025-08-29,–©–∏—Ç–æ–≤–∏–¥–∫–∞. –≠–Ω–µ—Ä–≥–∏—è. –ì–æ—Ä–º–æ–Ω—ã,https://t.me/harmony_emotions,1144,supergroup,2022-06-14 18:25:10,2025-11-05 22:24:02,192,10,13699,0,–Ω–µ —è—Å–Ω–æ,success,
1921854889,lera_levano777,–ß–ï–°–¢–ù–ê–Ø –≠–ó–û–¢–ï–†–ò–ö–ê üîÆ,2025-08-21,–ß–ï–°–¢–ù–ê–Ø –≠–ó–û–¢–ï–†–ò–ö–ê üîÆ,https://t.me/lera_levano777,173,supergroup,2023-04-18 13:55:39,2025-11-05 22:24:08,25,0,2233,0,–Ω–µ —è—Å–Ω–æ,success,
1698402678,meditaciisLyubov,–ú–µ–¥–∏—Ç–∞—Ü–∏–∏ —Å –õ—é–±–æ–≤—å—é‚ù§Ô∏è,2025-08-22,–ú–µ–¥–∏—Ç–∞—Ü–∏–∏ —Å –õ—é–±–æ–≤—å—é‚ù§Ô∏è,https://t.me/meditaciisLyubov,261,supergroup,2021-11-06 08:09:43,2025-11-05 22:24:15,64,0,8030,2045728863,–Ω–µ —è—Å–Ω–æ,success,
1608006630,real_razbor,–≠–Ω–µ—Ä–≥–∏—è —Ç–µ–ª–∞ –∏ –¥–µ–Ω–µ–≥,2025-08-22,–≠–Ω–µ—Ä–≥–∏—è —Ç–µ–ª–∞ –∏ –¥–µ–Ω–µ–≥,https://t.me/real_razbor,134,supergroup,2022-09-30 22:04:17,2025-11-05 22:24:24,9,0,339,0,–Ω–µ —è—Å–Ω–æ,success,
2449343851,smart_pp_october,Smart | –ü—Ä–∞–∫—Ç–∏–∫—É–º ¬´–ü–µ—Ä–≤—ã–µ —à–∞–≥–∏ –≤ –ø—Å–∏—Ö–æ–ª–æ–≥–∏–∏: –∫–∞–∫ –∏–∑–±–∞–≤–∏—Ç—å—Å—è –æ—Ç –Ω–µ—É–≤–µ—Ä–µ–Ω–Ω–æ—Å—Ç–∏ –∏ –Ω–∞—á–∞—Ç—å –∑–∞—Ä–∞–±–∞—Ç—ã–≤–∞—Ç—å —É–∂–µ –≤–æ –≤—Ä–µ–º—è –æ–±—É—á–µ–Ω–∏—è¬ª,2025-08-23,Smart | –ü—Ä–∞–∫—Ç–∏–∫—É–º ¬´–ü–µ—Ä–≤—ã–µ —à–∞–≥–∏ –≤ –ø—Å–∏—Ö–æ–ª–æ–≥–∏–∏: –∫–∞–∫ –∏–∑–±–∞–≤–∏—Ç—å—Å—è –æ—Ç –Ω–µ—É–≤–µ—Ä–µ–Ω–Ω–æ—Å—Ç–∏ –∏ –Ω–∞—á–∞—Ç—å –∑–∞—Ä–∞–±–∞—Ç—ã–≤–∞—Ç—å —É–∂–µ –≤–æ –≤—Ä–µ–º—è –æ–±—É—á–µ–Ω–∏—è¬ª,https://t.me/smart_pp_october,183,supergroup,2024-10-02 09:09:43,2025-11-05 22:24:32,36,0,193,0,–Ω–µ —è—Å–Ω–æ,success,
1850180497,witchbook,[–ß–ê–¢] –ú–∞–≥–∏—è –ö–æ–ª–¥–æ–≤—Å—Ç–≤–æ –≠–∑–æ—Ç–µ—Ä–∏–∫–∞ –û–∫–∫—É–ª—å—Ç–∏–∑–º –†—É–Ω—ã –¢–∞—Ä–æ –ì–∞–¥–∞–Ω–∏–µ –†–∞—Å–∫–ª–∞–¥—ã –í–µ–¥—å–º—ã –î–µ–º–æ–Ω—ã –ü—Ä–∏–≤–æ—Ä–æ—Ç,2025-08-17,[–ß–ê–¢] –ú–∞–≥–∏—è –ö–æ–ª–¥–æ–≤—Å—Ç–≤–æ –≠–∑–æ—Ç–µ—Ä–∏–∫–∞ –û–∫–∫—É–ª—å—Ç–∏–∑–º –†—É–Ω—ã –¢–∞—Ä–æ –ì–∞–¥–∞–Ω–∏–µ –†–∞—Å–∫–ª–∞–¥—ã –í–µ–¥—å–º—ã –î–µ–º–æ–Ω—ã –ü—Ä–∏–≤–æ—Ä–æ—Ç,https://t.me/witchbook,482,supergroup,2022-11-29 18:06:46,2025-11-05 22:24:40,18,0,44849,1176023405,–Ω–µ —è—Å–Ω–æ,success,
1293937866,@example_channel,Example Channel,2024-01-15,Buy or Sell Your Chennal,https://t.me/example_channel,830,channel,2021-11-05 14:33:54,2025-11-05 22:24:49,0,0,0,0,–Ω–µ —è—Å–Ω–æ,success,
1086140973,@test_group,Test Group,2024-02-20,Test Group,https://t.me/test_group,94,supergroup,2017-01-21 23:12:35,2025-11-05 22:24:57,1,0,0,0,–Ω–µ —è—Å–Ω–æ,success,
1631341110,@public_channel,Public Channel,2024-03-10,CBC Free Channel,https://t.me/public_channel,148,channel,2021-11-18 12:55:07,2025-11-05 22:25:06,0,0,685,0,–Ω–µ —è—Å–Ω–æ,success,
1398475744,akbars_cards,–ê–∫ –ë–∞—Ä—Å - –∫–∏–¥–∞–ª—ã (–ø–∞–±–ª–∏–∫),2022-11-29,–ê–∫ –ë–∞—Ä—Å - –∫–∏–¥–∞–ª—ã (–ø–∞–±–ª–∏–∫),https://t.me/akbars_cards,1219,supergroup,2018-08-29 10:05:36,2025-11-05 22:25:19,364,0,50900,0,–Ω–µ —è—Å–Ω–æ,success,
1541003200,astana_kazahstan,–ê—Å—Ç–∞–Ω–∞ —á–∞—Ç | –ö–∞–∑–∞—Ö—Å—Ç–∞–Ω,2022-10-31,–ê—Å—Ç–∞–Ω–∞ —á–∞—Ç | –ö–∞–∑–∞—Ö—Å—Ç–∞–Ω,https://t.me/astana_kazahstan,1900,supergroup,2022-03-08 02:05:09,2025-11-05 22:25:25,317,30,161852,0,–Ω–µ —è—Å–Ω–æ,success,
1056407492,bbchat,–ë–ë-–ü–∞–±–ª–∏–∫,2022-11-30,–ë–ë-–ü–∞–±–ª–∏–∫,https://t.me/bbchat,9863,supergroup,2016-06-08 07:15:31,2025-11-05 22:25:32,2323,0,1803181,1069326862,–Ω–µ —è—Å–Ω–æ,success,
1683817304,businessvstrechispb,–¢–æ–ª—å–∫–æ –ø–æ –¥–µ–ª—É! –í—Å—Ç—Ä–µ—á–∏ –ø—Ä–µ–¥–ø—Ä–∏–Ω–∏–º–∞—Ç–µ–ª–µ–π –ü–µ—Ç–µ—Ä–±—É—Ä–≥–∞,2025-03-15,–¢–æ–ª—å–∫–æ –ø–æ –¥–µ–ª—É! –í—Å—Ç—Ä–µ—á–∏ –ø—Ä–µ–¥–ø—Ä–∏–Ω–∏–º–∞—Ç–µ–ª–µ–π –ü–µ—Ç–µ—Ä–±—É—Ä–≥–∞,https://t.me/businessvstrechispb,569,supergroup,2021-11-27 16:58:30,2025-11-05 22:25:42,100,0,15477,0,–Ω–µ —è—Å–Ω–æ,success,
1927061290,calmmassage,Andrey Ustinov | Thai Massage Therapy,2025-10-26,Andrey Ustinov | Thai Massage Therapy,https://t.me/calmmassage,20,supergroup,2023-07-11 20:24:59,2025-11-05 22:25:48,5,0,0,0,–Ω–µ —è—Å–Ω–æ,success,
1452689095,cashback_flood,"–§–ª—É–¥–∏–ª–∫–∞ - –ö—ç—à–±—ç–∫–∏, —Å–∫–∏–¥–∫–∏ –∏ –≤–∫–ª–∞–¥—ã",2025-01-03,"–§–ª—É–¥–∏–ª–∫–∞ - –ö—ç—à–±—ç–∫–∏, —Å–∫–∏–¥–∫–∏ –∏ –≤–∫–ª–∞–¥—ã",https://t.me/cashback_flood,3729,supergroup,2018-11-20 20:00:51,2025-11-05 22:25:56,961,10,614977,1196987106,–Ω–µ —è—Å–Ω–æ,success,
1876807071,cashevarchat,"—á–∞—Ç ""–ë–µ–ª—ã—Ö Cash-–µ–≤–∞—Ä–æ–≤""",2021-01-07,DJUNTA & –ë–µ–ª—ã–µ Cash-–µ–≤–∞—Ä—ã,https://t.me/cashevarchat,14,channel,2022-12-31 14:53:53,2025-11-05 22:26:04,0,0,0,0,–Ω–µ —è—Å–Ω–æ,success,
1227626186,cebpublic,–ö–ï–ë public,2021-02-17,–ö–ï–ë public,https://t.me/cebpublic,1151,supergroup,2019-04-17 17:58:57,2025-11-05 22:26:10,290,0,27783,0,–Ω–µ —è—Å–Ω–æ,success,
1099130208,chat100500,–ß–∞—Ç: –¥–µ—à—ë–≤—ã–µ –±–∏–ª–µ—Ç—ã –≤ –¢—É—Ä—Ü–∏—é!!!,2021-01-07,–ß–∞—Ç: –¥–µ—à—ë–≤—ã–µ –±–∏–ª–µ—Ç—ã –≤ –¢—É—Ä—Ü–∏—é!!!,https://t.me/chat100500,1675,supergroup,2016-12-29 04:09:38,2025-11-05 22:26:16,357,10,124933,0,–Ω–µ —è—Å–Ω–æ,success,
1598585015,chat100500kids,–î–µ—Ç—Å–∫–∏–π —Ç—Ä–µ–≤–µ–ª —á–∞—Ç,2021-01-08,100500,https://t.me/chat100500kids,8,channel,2021-10-07 14:03:09,2025-11-05 22:26:21,0,0,0,0,–Ω–µ —è—Å–Ω–æ,success,
2286076709,chatzhukovf,–ß–∞—Ç —Ñ–∏–Ω–∞–Ω—Å–æ–≤—ã—Ö –≥—Ä–∞–º–æ—Ç–µ–µ–≤,2021-01-05,chatzhukovf,https://t.me/chatzhukovf,0,channel,2024-11-21 21:59:49,2025-11-05 22:26:29,0,0,0,0,–Ω–µ —è—Å–Ω–æ,success,
1441579996,citi_chat,Citibank - –ª—É—á—à–∏–π,2022-05-11,Citibank - –ª—É—á—à–∏–π,https://t.me/citi_chat,324,supergroup,2019-10-19 07:39:19,2025-11-05 22:26:37,107,0,38277,0,–Ω–µ —è—Å–Ω–æ,success,
1196257094,dp_razgovor,–î–û–†–û–ì–ê –ü–†–ò–ö–õ–Æ–ß–ï–ù–ò–ô –ß–ê–¢,2022-11-22,–î–û–†–û–ì–ê –ü–†–ò–ö–õ–Æ–ß–ï–ù–ò–ô –ß–ê–¢,https://t.me/dp_razgovor,1690,supergroup,2018-04-05 09:40:26,2025-11-05 22:26:43,517,0,175122,1394965446,–Ω–µ —è—Å–Ω–æ,success,
1915124617,empowerthechild,–û—Ç—Ü—ã –∏ –¥–µ—Ç–∏,2025-10-25,–û—Ç—Ü—ã –∏ –¥–µ—Ç–∏,https://t.me/empowerthechild,389,supergroup,2023-03-19 14:32:28,2025-11-05 22:26:51,105,0,2160,0,–Ω–µ —è—Å–Ω–æ,success,
1044840327,fortraders,–°–û–õ–û–î–ò–ù –ß–ê–¢,2022-04-29,–°–û–õ–û–î–ò–ù –ß–ê–¢,https://t.me/fortraders,10733,supergroup,2016-03-17 17:28:54,2025-11-05 22:26:58,2211,60,1640273,1009850295,–Ω–µ —è—Å–Ω–æ,success,
1747005876,foto_marketplace_ozon_wb,–§–û–¢–û –î–õ–Ø WILDBERRIES OZON,2021-12-12,–§–û–¢–û –î–õ–Ø WILDBERRIES OZON,https://t.me/foto_marketplace_ozon_wb,4491,supergroup,2021-11-12 12:50:53,2025-11-05 22:27:04,967,0,0,0,–Ω–µ —è—Å–Ω–æ,success,
1323064060,gay_pub,–¢-–±–∞–Ω–∫ (–ø–∞–±–ª–∏–∫),2022-11-30,–¢-–±–∞–Ω–∫ (–ø–∞–±–ª–∏–∫),https://t.me/gay_pub,3005,supergroup,2019-11-27 21:21:15,2025-11-05 22:27:11,888,0,203459,0,–Ω–µ —è—Å–Ω–æ,success,
1794856939,gruzallrussia,–õ–æ–≥–∏—Å—Ç–∏–∫–∞ –ö–ª—É–± 1001 –≥—Ä—É–∑,2025-10-25,–õ–æ–≥–∏—Å—Ç–∏–∫–∞ –ö–ª—É–± 1001 –≥—Ä—É–∑,https://t.me/gruzallrussia,14681,supergroup,2023-06-22 06:08:52,2025-11-05 22:27:17,791,0,676565,0,–Ω–µ —è—Å–Ω–æ,success,
1318488973,hdcomment,–•—Ä–∞–Ω–∏ –î–µ–Ω—å–≥–∏! –ö–æ–º–º–µ–Ω—Ç–∞—Ä–∏–∏,2025-03-16,–•—Ä–∞–Ω–∏ –î–µ–Ω—å–≥–∏! –ö–æ–º–º–µ–Ω—Ç–∞—Ä–∏–∏,https://t.me/hdcomment,3622,supergroup,2020-11-06 15:28:47,2025-11-05 22:27:23,563,30,510068,1071991949,–Ω–µ —è—Å–Ω–æ,success,
1203349957,hoolichat,–°–µ–∫—Ä–µ—Ç–Ω—ã–π —á–∞—Ç —Ä–µ–ø—Ç–∏–ª–æ–∏–¥–æ–≤,2021-01-02,–°–µ–∫—Ä–µ—Ç–Ω—ã–π —á–∞—Ç —Ä–µ–ø—Ç–∏–ª–æ–∏–¥–æ–≤,https://t.me/hoolichat,2238,supergroup,2018-06-25 14:10:10,2025-11-05 22:27:32,649,60,949814,1380524958,–Ω–µ —è—Å–Ω–æ,success,
1508072034,negabaritzayavki,–ù–ï–ì–ê–ë–ê–†–ò–¢ –ó–ê–Ø–í–ö–ò –ù–ê –¢–†–ê–õ–´üöõüöî,2024-09-20,–ù–ï–ì–ê–ë–ê–†–ò–¢ –ó–ê–Ø–í–ö–ò –ù–ê –¢–†–ê–õ–´üöõüöî,https://t.me/negabaritzayavki,5470,supergroup,2022-03-12 09:40:51,2025-11-05 22:28:20,390,0,87447,0,–Ω–µ —è—Å–Ω–æ,success,
1240065348,opsosru,–û–ø–µ—Ä–∞—Ç–æ—Ä—ã –ú–æ–±–∏–ª—å–Ω–æ–π –°–≤—è–∑–∏,2021-01-03,–û–ø–µ—Ä–∞—Ç–æ—Ä—ã –ú–æ–±–∏–ª—å–Ω–æ–π –°–≤—è–∑–∏,https://t.me/opsosru,1240,supergroup,2019-06-28 01:20:58,2025-11-05 22:28:28,372,10,217144,1789051824,–Ω–µ —è—Å–Ω–æ,success,
1561492197,perepravakerch1,–ü–∞—Ä–æ–º–Ω–∞—è –ø–µ—Ä–µ–ø—Ä–∞–≤–∞ –ö–µ—Ä—á—å. –ö—Ä—ã–º—Å–∫–∏–π –ú–æ—Å—Ç. –°—É—Ö–æ–ø—É—Ç–Ω—ã–π –ø—É—Ç—å –≤ –ö—Ä—ã–º.,2025-09-26,–ü–∞—Ä–æ–º–Ω–∞—è –ø–µ—Ä–µ–ø—Ä–∞–≤–∞ –ö–µ—Ä—á—å. –ö—Ä—ã–º—Å–∫–∏–π –ú–æ—Å—Ç. –°—É—Ö–æ–ø—É—Ç–Ω—ã–π –ø—É—Ç—å –≤ –ö—Ä—ã–º.,https://t.me/perepravakerch1,10371,supergroup,2022-10-08 07:42:16,2025-11-05 22:28:34,936,60,200731,0,–Ω–µ —è—Å–Ω–æ,success,
1183520027,poputchik100500,100500 –ü–æ–ø—É—Ç—á–∏–∫–æ–≤! üó∫,2021-01-08,–ü–æ–∏—Å–∫ –ø–æ–ø—É—Ç—á–∏–∫–æ–≤,https://t.me/poputchik100500,7,channel,2021-03-05 17:01:23,2025-11-05 22:28:43,0,0,0,0,–Ω–µ —è—Å–Ω–æ,success,
1424606460,premiumbanking,Premium banking (Russia),2021-02-18,Premium banking (Russia),https://t.me/premiumbanking,93,supergroup,2020-07-03 11:13:35,2025-11-05 22:28:52,49,0,17036,0,–Ω–µ —è—Å–Ω–æ,success,
1354920030,roskolhoz,–†–æ—Å–ö–æ–ª—Ö–æ–∑ (–ø–∞–±–ª–∏–∫),2021-02-17,–†–æ—Å–ö–æ–ª—Ö–æ–∑ (–ø–∞–±–ª–∏–∫),https://t.me/roskolhoz,940,supergroup,2019-09-18 11:22:20,2025-11-05 22:29:00,282,0,32154,0,–Ω–µ —è—Å–Ω–æ,success,
1266769489,rujcb,ru-jcb,2021-02-18,ru-jcb,https://t.me/rujcb,397,supergroup,2019-09-12 20:36:56,2025-11-05 22:29:13,141,0,0,0,–Ω–µ —è—Å–Ω–æ,success,
1968202995,shakty_om,–¶–µ–Ω—Ç—Ä –ü—Ä–∞–Ω–∞ –°–ü–± | –¢–ê–ù–¢–†–ê –ô–û–ì–ê –ú–ï–î–ò–¢–ê–¶–ò–ò | –ñ–ï–ù–°–ö–ò–ï –ò –ú–£–ñ–°–ö–ò–ï –ü–†–ê–ö–¢–ò–ö–ò,2024-03-25,–¶–µ–Ω—Ç—Ä –ü—Ä–∞–Ω–∞ –°–ü–± | –¢–ê–ù–¢–†–ê –ô–û–ì–ê –ú–ï–î–ò–¢–ê–¶–ò–ò | –ñ–ï–ù–°–ö–ò–ï –ò –ú–£–ñ–°–ö–ò–ï –ü–†–ê–ö–¢–ò–ö–ò,https://t.me/shakty_om,662,supergroup,2023-05-17 09:46:46,2025-11-05 22:29:20,213,0,3318,0,–Ω–µ —è—Å–Ω–æ,success,
1551873287,stavkivklad,–°–¢–ê–í–ö–ò –ø–æ –≤–∫–ª–∞–¥–∞–º –∏ –ù–°,2024-10-13,–°–¢–ê–í–ö–ò –ø–æ –≤–∫–ª–∞–¥–∞–º –∏ –ù–°,https://t.me/stavkivklad,9173,supergroup,2022-03-03 12:20:14,2025-11-05 22:29:28,2290,0,241993,0,–Ω–µ —è—Å–Ω–æ,success,
1937159407,terra_moscow_28,"TERRA - –ó–ê–ü–£–°–ö 37 –ø–æ—Ç–æ–∫–∞, –ú–æ—Å–∫–≤–∞",2023-11-15,"TERRA - –ó–ê–ü–£–°–ö 37 –ø–æ—Ç–æ–∫–∞, –ú–æ—Å–∫–≤–∞",https://t.me/terra_moscow_28,22876,supergroup,2023-07-31 08:28:17,2025-11-05 22:29:37,6826,10,108803,0,–Ω–µ —è—Å–Ω–æ,success,
1419356231,terrahr,–ë–∏–∑–Ω–µ—Å –∫–ª—É–± TERRA –ú–æ—Å–∫–≤–∞ –¥–µ–ª–æ–≤—ã–µ —Å–≤—è–∑–∏,2025-10-28,–ë–∏–∑–Ω–µ—Å –∫–ª—É–± TERRA –ú–æ—Å–∫–≤–∞ –¥–µ–ª–æ–≤—ã–µ —Å–≤—è–∑–∏,https://t.me/terrahr,3610,supergroup,2020-05-17 14:51:48,2025-11-05 22:29:45,928,0,0,0,–Ω–µ —è—Å–Ω–æ,success,
1178296478,terramp,Terra MarketPlaces,2023-12-11,Terra MarketPlaces,https://t.me/terramp,5462,supergroup,2020-12-27 17:32:35,2025-11-05 22:29:51,1020,10,74059,0,–Ω–µ —è—Å–Ω–æ,success,
1165231980,vostochka_pablik,"–°–æ–≤–æ–∫,–•–∞–ª–≤–∞-–í–æ—Å—Ç–æ—á–Ω—ã–π",2021-02-19,"–°–æ–≤–æ–∫,–•–∞–ª–≤–∞-–í–æ—Å—Ç–æ—á–Ω—ã–π",https://t.me/vostochka_pablik,760,supergroup,2019-05-15 19:15:52,2025-11-05 22:29:59,233,0,0,0,–Ω–µ —è—Å–Ω–æ,success,
1541504871,yandex_bank_public,–Ø –ü—ç–π (–Ω–µ–æ—Ñ–∏—Ü–∏–∞–ª—å–Ω—ã–π —á–∞—Ç –∫–ª–∏–µ–Ω—Ç–æ–≤ –Ø–Ω–¥–µ–∫—Å –ë–∞–Ω–∫–∞),2023-09-05,–Ø –ü—ç–π (–Ω–µ–æ—Ñ–∏—Ü–∏–∞–ª—å–Ω—ã–π —á–∞—Ç –∫–ª–∏–µ–Ω—Ç–æ–≤ –Ø–Ω–¥–µ–∫—Å –ë–∞–Ω–∫–∞),https://t.me/yandex_bank_public,2459,supergroup,2021-09-29 09:35:47,2025-11-05 22:30:05,683,0,51847,0,–Ω–µ —è—Å–Ω–æ,success,
0,yogartfestival,–ô–æ–≥–ê—Ä—Ç,2022-07-12,Error/Unavailable,,0,unknown,,2025-11-05 22:30:15,0,0,0,0,–Ω–µ —è—Å–Ω–æ,access_denied,"Username –Ω–µ —Å—É—â–µ—Å—Ç–≤—É–µ—Ç: No user has ""yogartfestival"" as username"
1279391156,zoomapart,Zoom Apart –ú–§–ö ¬´Best Western Zoom Hotel¬ª,2022-11-29,Zoom Apart –ú–§–ö ¬´Best Western Zoom Hotel¬ª,https://t.me/zoomapart,608,supergroup,2021-03-17 16:31:43,2025-11-05 22:30:24,131,30,19549,0,–Ω–µ —è—Å–Ω–æ,success,
1581230698,Batumi_Chat_Go,–ë–ê–¢–£–ú–ò | –ß–ê–¢,2025-09-28,–ë–ê–¢–£–ú–ò | –ß–ê–¢,https://t.me/Batumi_Chat_Go,2427,supergroup,2022-11-28 19:48:02,2025-11-05 22:30:31,97,0,24227,0,–Ω–µ —è—Å–Ω–æ,success,
1689011736,Birzhacouch,"–ö–æ—É—á–∏, —Ç–∞—Ä–æ–ª–æ–≥–∏, –ø—Å–∏—Ö–æ–ª–æ–≥–∏, –Ω–∞—Å—Ç–∞–≤–Ω–∏–∫–∏. –ë–∏—Ä–∂–∞ —Ä–µ–∫–ª–∞–º—ã –¥–ª—è –≤–∞—à–∏—Ö —É—Å–ª—É–≥.",2025-10-25,"–ö–æ—É—á–∏, —Ç–∞—Ä–æ–ª–æ–≥–∏, –ø—Å–∏—Ö–æ–ª–æ–≥–∏, –Ω–∞—Å—Ç–∞–≤–Ω–∏–∫–∏. –ë–∏—Ä–∂–∞ —Ä–µ–∫–ª–∞–º—ã –¥–ª—è –≤–∞—à–∏—Ö —É—Å–ª—É–≥.",https://t.me/Birzhacouch,428,supergroup,2022-05-20 23:12:13,2025-11-05 22:30:39,6,0,25,0,–Ω–µ —è—Å–Ω–æ,success,
1402503161,ChatGOA,–ì–æ–∞ —á–∞—Ç. –û–±—â–µ–Ω–∏–µ –∏ –æ–±—ä—è–≤–ª–µ–Ω–∏—è,2025-10-18,–ì–æ–∞ —á–∞—Ç. –û–±—â–µ–Ω–∏–µ –∏ –æ–±—ä—è–≤–ª–µ–Ω–∏—è,https://t.me/ChatGOA,2756,supergroup,2018-10-27 02:15:40,2025-11-05 22:30:47,393,60,53448,0,–Ω–µ —è—Å–Ω–æ,success,
1812316913,Damir_Okk_Sochi_1,–°–æ—á–∏ | –ü—Å–∏—Ö–æ—Å–æ–º–∞—Ç–∏–∫–∞,2025-09-24,–°–æ—á–∏ | –ü—Å–∏—Ö–æ—Å–æ–º–∞—Ç–∏–∫–∞,https://t.me/Damir_Okk_Sochi_1,978,supergroup,2023-03-16 16:02:37,2025-11-05 22:32:41,23,0,239,0,–Ω–µ —è—Å–Ω–æ,success,
1748764361,Darya_lifecoach_Group,–õ–ê–ô–§ –ü–°–ò–•–û–õ–û–ì–ò–Ø,2025-10-29,–õ–ê–ô–§ –ü–°–ò–•–û–õ–û–ì–ò–Ø,https://t.me/Darya_lifecoach_Group,174,supergroup,2022-12-07 21:07:50,2025-11-05 22:32:47,3,0,0,0,–Ω–µ —è—Å–Ω–æ,success,
1896615791,DeliqoBenam,–ö–∞–∫ –∑–∞–±—ã—Ç—å –±—ã–≤—à–µ–≥–æ –ª—é–±–∏–º–æ–≥–æ!,2025-09-27,–ö–∞–∫ –∑–∞–±—ã—Ç—å –±—ã–≤—à–µ–≥–æ –ª—é–±–∏–º–æ–≥–æ!,https://t.me/DeliqoBenam,71,supergroup,2023-02-05 19:10:31,2025-11-05 22:32:54,8,10,32,0,–Ω–µ —è—Å–Ω–æ,success,
1527970121,Dreammrazum,–ö–æ—Å–º–æ—ç–Ω–µ—Ä–≥–µ—Ç–∏–∫–∞ —Å ¬´Dreamrazum¬ª,2025-10-29,–ö–æ—Å–º–æ—ç–Ω–µ—Ä–≥–µ—Ç–∏–∫–∞ —Å ¬´Dreamrazum¬ª,https://t.me/Dreammrazum,124,supergroup,2021-08-17 00:22:32,2025-11-05 22:33:01,26,0,9603,0,–Ω–µ —è—Å–Ω–æ,success,
1554132185,EZOTERIKA_ASTROLOG,–≠–ó–û–¢–ï–†–ò–ö–ê ü™ê –ê–°–¢–†–û–õ–û–ì–ò–Ø ü™ê –û–¢–ù–û–®–ï–ù–ò–Ø,2025-09-28,–≠–ó–û–¢–ï–†–ò–ö–ê ü™ê –ê–°–¢–†–û–õ–û–ì–ò–Ø ü™ê –û–¢–ù–û–®–ï–ù–ò–Ø,https://t.me/EZOTERIKA_ASTROLOG,1182,supergroup,2021-07-28 08:39:17,2025-11-05 22:33:07,9,0,119736,1578732535,–Ω–µ —è—Å–Ω–æ,success,
1753184768,GHNOsrVXz0zYzM0,–õ—É—á—à–∞—è –≤–µ—Ä—Å–∏—è —Ç–µ–±—è!‚ù§Ô∏è,2025-10-25,–õ—É—á—à–∞—è –≤–µ—Ä—Å–∏—è —Ç–µ–±—è!‚ù§Ô∏è,https://t.me/GHNOsrVXz0zYzM0,49,supergroup,2022-11-01 12:05:01,2025-11-05 22:33:14,3,0,233,0,–Ω–µ —è—Å–Ω–æ,success,
2175757380,GOARschool,–ü–°–ò–•–û–õ–û–ì –∏ –Ø,2025-10-18,–ü–°–ò–•–û–õ–û–ì –∏ –Ø,https://t.me/GOARschool,186,supergroup,2024-09-02 17:55:42,2025-11-05 22:33:21,23,0,5516,1723005572,–Ω–µ —è—Å–Ω–æ,success,
1333968139,GOLOD365,üßò‚Äç‚ôÄ–ü–û–°–¢ –ú–ê–†–ê–§–û–ù–´‚ô•Ô∏è–ü–£–¢–¨ –ö –°–ï–ë–ïüßò‚Äç‚ôÄ –¶–ï–õ–ï–ë–ù–û–ï –ì–û–õ–û–î–ê–ù–ò–ï ! –û–°–û–ó–ù–ê–ù–ù–´–ï –°–ù–´ ! –ó–ê–ö–ê–õ–ò–í–ê–ù–ò–ï ! –°–´–†–û–ï–î–ï–ù–ò–ï ! –§–†–£–ö–¢–û–ï–î–ï–ù–ò–ï ! –ê–í–¢–û–ù–û–ú–ò–Ø !,2025-09-21,üßò‚Äç‚ôÄ–ü–û–°–¢ –ú–ê–†–ê–§–û–ù–´‚ô•Ô∏è–ü–£–¢–¨ –ö –°–ï–ë–ïüßò‚Äç‚ôÄ –¶–ï–õ–ï–ë–ù–û–ï –ì–û–õ–û–î–ê–ù–ò–ï ! –û–°–û–ó–ù–ê–ù–ù–´–ï –°–ù–´ ! –ó–ê–ö–ê–õ–ò–í–ê–ù–ò–ï ! –°–´–†–û–ï–î–ï–ù–ò–ï ! –§–†–£–ö–¢–û–ï–î–ï–ù–ò–ï ! –ê–í–¢–û–ù–û–ú–ò–Ø !,https://t.me/GOLOD365,101,supergroup,2021-06-05 22:37:14,2025-11-05 22:33:30,9,0,2289,0,–Ω–µ —è—Å–Ω–æ,success,
1738637773,HuaHin_girls,–î–µ–≤–æ—á–∫–æ–≤–∞—è –∂–∏–∑–Ω—å –≤ –•—É–∞—Ö–∏–Ω–µ,2025-10-10,–î–µ–≤–æ—á–∫–æ–≤–∞—è –∂–∏–∑–Ω—å –≤ –•—É–∞—Ö–∏–Ω–µ,https://t.me/HuaHin_girls,650,supergroup,2022-07-01 14:51:25,2025-11-05 22:33:36,80,0,38316,0,–Ω–µ —è—Å–Ω–æ,success,
1449737679,KarmaRoda,–ö–∞—Ä–º–∞ –†–æ–¥–∞‚é•Alla Zelcer‚é•,2025-10-02,–ö–∞—Ä–º–∞ –†–æ–¥–∞‚é•Alla Zelcer‚é•,https://t.me/KarmaRoda,69,supergroup,2019-06-20 15:20:37,2025-11-05 22:33:49,14,0,1009,1952088045,–Ω–µ —è—Å–Ω–æ,success,
1547608786,Krugsila,–ë–ª–æ–≥ –°–≤–µ—Ç–ª–∞–Ω—ã –∏ –ù–∞–¥–µ–∂–¥—ã,2025-10-02,–ë–ª–æ–≥ –°–≤–µ—Ç–ª–∞–Ω—ã –∏ –ù–∞–¥–µ–∂–¥—ã,https://t.me/Krugsila,121,supergroup,2022-06-18 15:07:54,2025-11-05 22:33:57,14,0,5947,0,–Ω–µ —è—Å–Ω–æ,success,
1891622268,LiveMeetingsClub,–ö–ª—É–± –∂–∏–≤—ã—Ö –≤—Å—Ç—Ä–µ—á‚ù§Ô∏è,2025-09-28,–ö–ª—É–± –∂–∏–≤—ã—Ö –≤—Å—Ç—Ä–µ—á‚ù§Ô∏è,https://t.me/LiveMeetingsClub,529,supergroup,2022-10-10 14:46:43,2025-11-05 22:34:05,100,0,6877,0,–Ω–µ —è—Å–Ω–æ,success,
1071780163,LloydBTC,"–ê—Å–∏–∫–∏, –∫–∞—Ä—Ç—ã, –∏ 2 –ë–ü —É –õ–ª–æ–π–¥–∞",2025-10-26,"–ê—Å–∏–∫–∏, –∫–∞—Ä—Ç—ã, –∏ 2 –ë–ü —É –õ–ª–æ–π–¥–∞",https://t.me/LloydBTC,62,supergroup,2017-06-22 13:01:47,2025-11-05 22:34:12,15,0,6325,0,–Ω–µ —è—Å–Ω–æ,success,
1152912125,MATRIX_personal,–ß–ê–¢ –ë–æ–∂–µ—Å—Ç–≤–µ–Ω–Ω—ã–µ –ö–û–î–´ üíö Divine CODESüíö,2025-10-17,–ß–ê–¢ –ë–æ–∂–µ—Å—Ç–≤–µ–Ω–Ω—ã–µ –ö–û–î–´ üíö Divine CODESüíö,https://t.me/MATRIX_personal,214,supergroup,2020-07-23 12:35:14,2025-11-05 22:34:20,31,0,15914,1610128142,–Ω–µ —è—Å–Ω–æ,success,
1432828411,NLstoreMuhlisa,"NL –ó–¥–æ—Ä–æ–≤—å–µ, –ü–æ—Ö—É–¥–µ–Ω–∏–µ, –ú–æ–ª–æ–¥–æ—Å—Ç—å",2025-10-16,"NL –ó–¥–æ—Ä–æ–≤—å–µ, –ü–æ—Ö—É–¥–µ–Ω–∏–µ, –ú–æ–ª–æ–¥–æ—Å—Ç—å",https://t.me/NLstoreMuhlisa,480,supergroup,2022-05-04 08:22:28,2025-11-05 22:34:27,17,0,31454,0,–Ω–µ —è—Å–Ω–æ,success,
0,Nataliia_Gipno_Mar,–°—É–≥–≥–µ—Å—Ç–∏–≤–Ω—ã–π –ü—Å–∏—Ö–æ–ª–æ–≥/–ì–∏–ø–Ω–æ–ª–æ–≥,2025-10-14,Error/Unavailable,,0,unknown,,2025-11-05 22:34:32,0,0,0,0,–Ω–µ —è—Å–Ω–æ,access_denied,"Username –Ω–µ —Å—É—â–µ—Å—Ç–≤—É–µ—Ç –∏–ª–∏ –Ω–µ–ø—Ä–∏–µ–º–ª–µ–º: No user has ""nataliia_gipno_mar"" as username"
1757472137,Natalya_esoterik,–¢–∞—Ä–æ - —Ç–µ—Ä–∞–ø–∏—è –∏ —Ö–∏—Ä–æ–º–∞–Ω—Ç–∏—è —Å –ù–∞—Ç–∞–ª—å–µ–π –°–≤–∏—Ä–∏–¥–µ–Ω–∫–æ‚ô•Ô∏è‚ô†Ô∏è‚ô¶Ô∏è‚ô£Ô∏è‚úã,2025-09-15,–¢–∞—Ä–æ - —Ç–µ—Ä–∞–ø–∏—è –∏ —Ö–∏—Ä–æ–º–∞–Ω—Ç–∏—è —Å –ù–∞—Ç–∞–ª—å–µ–π –°–≤–∏—Ä–∏–¥–µ–Ω–∫–æ‚ô•Ô∏è‚ô†Ô∏è‚ô¶Ô∏è‚ô£Ô∏è‚úã,https://t.me/Natalya_esoterik,419,supergroup,2023-03-05 08:50:08,2025-11-05 22:34:38,16,0,3073,1551391737,–Ω–µ —è—Å–Ω–æ,success,
1450050141,NeSo_Zaharova,–ù–µ–°–æ–ê–∫–∞–¥–µ–º–∏—è —Å –õ–∏–ª–∏–µ–π –ó–∞—Ö–∞—Ä–æ–≤–æ–π,2025-09-15,–ù–µ–°–æ–ê–∫–∞–¥–µ–º–∏—è —Å –õ–∏–ª–∏–µ–π –ó–∞—Ö–∞—Ä–æ–≤–æ–π,https://t.me/NeSo_Zaharova,403,supergroup,2021-11-30 15:08:55,2025-11-05 22:34:44,76,0,0,0,–Ω–µ —è—Å–Ω–æ,success,
2284436663,PIARCHATtaroezo,–ü–ò–ê–† –ß–ê–¢ –≠–ó–û–¢–ï–†–ò–ö–ò,2025-09-24,–ü–ò–ê–† –ß–ê–¢ –≠–ó–û–¢–ï–†–ò–ö–ò,https://t.me/PIARCHATtaroezo,255,supergroup,2024-12-01 07:12:00,2025-11-05 22:34:52,43,0,0,0,–Ω–µ —è—Å–Ω–æ,success,
1889924396,PRObugdenie1,"–ü—Ä–æ–µ–∫—Ç ""–ü–†–û–ë–£–ñ–î–ï–ù–ò–ï"" ¬´–≠–Ω–µ—Ä–≥–∏—è –õ—é–±–≤–∏¬ª",2025-10-10,"–ü—Ä–æ–µ–∫—Ç ""–ü–†–û–ë–£–ñ–î–ï–ù–ò–ï"" ¬´–≠–Ω–µ—Ä–≥–∏—è –õ—é–±–≤–∏¬ª",https://t.me/PRObugdenie1,136,supergroup,2023-01-20 07:54:52,2025-11-05 22:35:01,17,0,988,0,–Ω–µ —è—Å–Ω–æ,success,
1162773747,PartyRostov,"–†–æ—Å—Ç–æ–≤: –í—Å—Ç—Ä–µ—á–∏, –í–µ—á–µ—Ä–∏–Ω–∫–∏, –ò–Ω—Ç–∏–º –∑–Ω–∞–∫–æ–º—Å—Ç–≤–∞‚ù§Ô∏è",2025-09-28,"–†–æ—Å—Ç–æ–≤: –í—Å—Ç—Ä–µ—á–∏, –í–µ—á–µ—Ä–∏–Ω–∫–∏, –ò–Ω—Ç–∏–º –∑–Ω–∞–∫–æ–º—Å—Ç–≤–∞‚ù§Ô∏è",https://t.me/PartyRostov,2493,supergroup,2020-03-05 19:10:25,2025-11-05 22:35:08,3,0,0,0,–Ω–µ —è—Å–Ω–æ,success,
1539499345,PerezagruzkaAndGvozdy,"–ü–ï–†–ï–ó–ê–ì–†–£–ó–ö–êüòâ –ì–≤–æ–∑–¥–µ—Ç–µ—Ä–∞–ø–∏—è, —à–∞–º–∞–Ω—Å–∫–∏–π –±—É–±–µ–Ω,—Ç–∏–±–µ—Ç—Å–∫–∏–µ —á–∞—à–∏, ""–ø–µ—Ä–µ–∑–∞–≥—Ä—É–∑–∫–∞"" –ö—Ä–∞—Å–Ω–æ–¥–∞—Ä",2025-09-20,"–ü–ï–†–ï–ó–ê–ì–†–£–ó–ö–êüòâ –ì–≤–æ–∑–¥–µ—Ç–µ—Ä–∞–ø–∏—è, —à–∞–º–∞–Ω—Å–∫–∏–π –±—É–±–µ–Ω,—Ç–∏–±–µ—Ç—Å–∫–∏–µ —á–∞—à–∏, ""–ø–µ—Ä–µ–∑–∞–≥—Ä—É–∑–∫–∞"" –ö—Ä–∞—Å–Ω–æ–¥–∞—Ä",https://t.me/PerezagruzkaAndGvozdy,113,supergroup,2024-03-03 14:13:49,2025-11-05 22:35:17,14,0,637,0,–Ω–µ —è—Å–Ω–æ,success,
